{
    "parent": "minecraft:prismarine_shard",
    "overrides": [
        {
            "predicate": {
                "custom_model_data": 1
            },
            "model": "./gems/puff2.json"
        },
        {
            "predicate": {
                "custom_model_data": 2
            },
            "model": "./gems/fire2.json"
        },
        {
            "predicate": {
                "custom_model_data": 3
            },
            "model": "./gems/wealth2.json"
        },
        {
            "predicate": {
                "custom_model_data": 4
            },
            "model": "./gems/astra2.json"
        },
        {
            "predicate": {
                "custom_model_data": 5
            },
            "model": "./gems/strength2.json"
        },
        {
            "predicate": {
                "custom_model_data": 6
            },
            "model": "./gems/life2.json"
        },
        {
            "predicate": {
                "custom_model_data": 7
            },
            "model": "./gems/speed2.json"
        }
    ]
}