{
    "providers": [
        {
            "file": "emojis/puff.png",
            "chars": [
                "󿾀"
            ],
            "ascent": 8,
            "height": 9,
            "type": "bitmap"
        },
        {
            "file": "emojis/strength.png",
            "chars": [
                "󿾁"
            ],
            "ascent": 8,
            "height": 9,
            "type": "bitmap"
        },
        {
            "file": "emojis/fire.png",
            "chars": [
                "󿾂"
            ],
            "ascent": 8,
            "height": 9,
            "type": "bitmap"
        },
        {
            "file": "emojis/wealth.png",
            "chars": [
                "󿾃"
            ],
            "ascent": 8,
            "height": 9,
            "type": "bitmap"
        },
        {
            "file": "emojis/astra.png",
            "chars": [
                "󿾄"
            ],
            "ascent": 8,
            "height": 9,
            "type": "bitmap"
        },
        {
            "file": "emojis/speed.png",
            "chars": [
                "󿾅"
            ],
            "ascent": 8,
            "height": 9,
            "type": "bitmap"
        },
        {
            "file": "emojis/life.png",
            "chars": [
                "󿾆"
            ],
            "ascent": 8,
            "height": 9,
            "type": "bitmap"
        },
        {
            "file": "emojis/frailer.png",
            "chars": [
                "󯾀"
            ],
            "ascent": 8,
            "height": 9,
            "type": "bitmap"
        },
        {
            "file": "emojis/chad_strength.png",
            "chars": [
                "󯾁"
            ],
            "ascent": 8,
            "height": 9,
            "type": "bitmap"
        },
        {
            "file": "emojis/fireball.png",
            "chars": [
                "󯾂"
            ],
            "ascent": 8,
            "height": 9,
            "type": "bitmap"
        },
        {
            "file": "emojis/campfire.png",
            "chars": [
                "󯾃"
            ],
            "ascent": 8,
            "height": 9,
            "type": "bitmap"
        },
        {
            "file": "emojis/daggers.png",
            "chars": [
                "󯾄"
            ],
            "ascent": 8,
            "height": 9,
            "type": "bitmap"
        },
        {
            "file": "emojis/astral.png",
            "chars": [
                "󯾅"
            ],
            "ascent": 8,
            "height": 9,
            "type": "bitmap"
        },
        {
            "file": "emojis/breezy_bash.png",
            "chars": [
                "󯾆"
            ],
            "ascent": 8,
            "height": 9,
            "type": "bitmap"
        },
        {
            "file": "emojis/dash.png",
            "chars": [
                "󯾇"
            ],
            "ascent": 8,
            "height": 9,
            "type": "bitmap"
        },
        {
            "file": "emojis/heart_drainer.png",
            "chars": [
                "󯾈"
            ],
            "ascent": 8,
            "height": 9,
            "type": "bitmap"
        },
        {
            "file": "emojis/circle_of_life.png",
            "chars": [
                "󯾉"
            ],
            "ascent": 8,
            "height": 9,
            "type": "bitmap"
        },
        {
            "file": "emojis/unfortunate.png",
            "chars": [
                "󯾊"
            ],
            "ascent": 8,
            "height": 9,
            "type": "bitmap"
        },
        {
            "file": "emojis/rich_rush.png",
            "chars": [
                "󯾋"
            ],
            "ascent": 8,
            "height": 9,
            "type": "bitmap"
        },
        {
            "file": "emojis/sloths_sedative.png",
            "chars": [
                "󯾌"
            ],
            "ascent": 8,
            "height": 9,
            "type": "bitmap"
        },
        {
            "file": "emojis/speed_storm.png",
            "chars": [
                "󯾍"
            ],
            "ascent": 8,
            "height": 9,
            "type": "bitmap"
        }
    ]
}